ID;Name;Working;Capacity;FreeParking;TotalNumberOfBike;AvailableMechanicBikes;AvailableElectricBikes;AvailablePaymentTerminal;VelibPossibleReturn;LastUpdate;Location;Municipality
1001;Quai de l'Horloge - Pont Neuf;OUI;17;13;4;0;4;OUI;OUI;2022-07-05T15:15:17+02:00;48.857058739111096,2.341798283943937;Paris
1002;Victoria - Place du Chatelet;OUI;22;12;10;9;1;NON;NON;2022-07-05T15:13:17+02:00;48.857992591527,2.3469167947769;Paris
1003;Saint-Denis - Rivoli;OUI;43;13;30;19;11;OUI;OUI;2022-07-05T15:15:39+02:00;48.85905934084166,2.3476943001151085;Paris
1006;Grande Truanderie - Saint-Denis;OUI;33;21;12;1;11;OUI;OUI;2022-07-05T15:14:51+02:00;48.8626302,2.3498075;Paris
21001;Transvaal - Charles de Gaulle;OUI;27;1;26;21;5;OUI;OUI;2022-07-05T15:14:53+02:00;48.848280403628806,2.2373420120857195;Boulogne-Billancourt
21002;Place Denfert-Rochereau;OUI;20;1;19;12;7;OUI;OUI;2022-07-05T15:12:46+02:00;48.843252536286684,2.245987951755524;Boulogne-Billancourt
21003;Jean Jaurès - Jean Baptiste Clément;OUI;24;4;20;15;5;OUI;OUI;2022-07-05T15:15:13+02:00;48.84576261454011,2.2369650006294255;Boulogne-Billancourt
21004;Jean Jaurès - Reine;OUI;31;24;7;3;4;OUI;OUI;2022-07-05T15:15:45+02:00;48.84009622558849,2.239872515201569;Boulogne-Billancourt
21104;Madame de Sanzillon - Mozart;OUI;22;1;21;7;14;OUI;OUI;2022-07-05T15:11:51+02:00;48.90379820774301,2.3187401890754704;Clichy
21105;Morice - Général Leclerc;OUI;25;5;20;19;1;OUI;OUI;2022-07-05T15:13:32+02:00;48.90245471981591,2.3128929734230046;Clichy
21107;Bertrand Sincholle - Henri Barbusse;OUI;23;19;4;4;0;OUI;OUI;2022-07-05T15:11:38+02:00;48.89925982394349,2.3042294383049016;Clichy
21108;Mairie de Clichy;OUI;51;4;47;3;44;OUI;OUI;2022-07-05T15:14:43+02:00;48.903653634660834,2.3059353232383732;Clichy
21215;Verdier - Jean Jaurès;OUI;33;28;5;3;2;OUI;OUI;2022-07-05T15:11:38+02:00;48.81614048711214,2.3123561963438988;Montrouge
21216;Louis Lejeune - Barbès;OUI;25;9;16;11;5;OUI;OUI;2022-07-05T15:15:17+02:00;48.81807418981508,2.3267009854316716;Montrouge
21217;Louis Rolland - République;OUI;26;10;16;0;16;OUI;OUI;2022-07-05T15:13:57+02:00;48.81710889740748,2.3193106434955717;Montrouge
21219;Amaury Duval - Gabriel Péri;OUI;36;4;32;25;7;OUI;OUI;2022-07-05T15:11:02+02:00;48.81718759671675,2.323841750621796;Montrouge
21314;Chemin de Bretagne;OUI;29;3;26;21;5;OUI;OUI;2022-07-05T15:15:37+02:00;48.825147,2.25936;Issy-les-Moulineaux
21315;Jules Guesdes - Général de Gaulle;OUI;24;8;16;13;3;OUI;OUI;2022-07-05T15:13:45+02:00;48.81930581291959,2.278934195637703;Issy-les-Moulineaux
21316;Cimetière d'Issy-les-Moulineaux;OUI;24;7;17;11;6;OUI;OUI;2022-07-05T15:14:49+02:00;48.81769977392539,2.260931208729744;Issy-les-Moulineaux
21319;Esplanade du Foncet - Camille Desmoulins;OUI;28;10;18;5;13;OUI;OUI;2022-07-05T15:14:01+02:00;48.827090233494964,2.2606857866048813;Issy-les-Moulineaux
21401;Mairie de Clamart;OUI;33;2;31;17;14;OUI;OUI;2022-07-05T15:12:47+02:00;48.800612,2.262151;Clamart
21402;Place Aimé Césaire;OUI;27;2;25;23;2;OUI;OUI;2022-07-05T15:13:44+02:00;48.783194713067815,2.2429127991199493;Clamart
21403;Gare de Clamart;OUI;14;1;13;8;5;OUI;OUI;2022-07-05T15:05:52+02:00;48.81383535598703,2.272278964519501;Clamart
21509;Gardenat Lapostol - Franklin Roosevelt;OUI;24;4;20;20;0;OUI;OUI;2022-07-05T15:12:35+02:00;48.871839,2.222505;Suresnes
21510;Fontaine du Tertre - Calvaire;OUI;24;9;15;3;12;OUI;OUI;2022-07-05T15:15:03+02:00;48.8702539,2.2187778;Suresnes
21511;Marcel Monge - Marcel Dassault;OUI;46;19;27;27;0;OUI;OUI;2022-07-05T15:14:30+02:00;48.86096384533371,2.2246733296048142;Suresnes
21514;Place de la Paix - Abbé Saint-Pierre;OUI;24;0;24;17;7;OUI;OUI;2022-07-05T15:09:26+02:00;48.86462724459225,2.2047570338469806;Suresnes
21704;Place du Maréchal de Lattre de Tassigny;OUI;27;3;24;15;9;OUI;OUI;2022-07-05T15:13:43+02:00;48.821707715257055,2.2853431485432423;Vanves
21706;Jean Bleuzen - Square du 11 Novembre;OUI;49;7;42;22;20;OUI;OUI;2022-07-05T15:14:59+02:00;48.8232579,2.2965213;Vanves
21707;Square Etienne Jarousse;OUI;25;1;24;16;8;OUI;OUI;2022-07-05T15:09:42+02:00;48.82485182597129,2.2925933450460434;Vanves
21708;Marcel Yol - Jullien;OUI;30;3;27;1;26;OUI;OUI;2022-07-05T15:14:31+02:00;48.82537611802588,2.287235018058929;Vanves
21951;Place Centrale;OUI;22;1;21;13;8;OUI;OUI;2022-07-05T15:12:58+02:00;48.78740167690531,2.2278830409049992;Meudon
21952;Place Tony de Graaff;OUI;42;11;31;21;10;OUI;OUI;2022-07-05T15:14:30+02:00;48.8181645,2.2458109;Meudon
21953;Gare de Bellevue;OUI;20;20;0;0;0;OUI;OUI;2022-07-05T15:06:26+02:00;48.8192404685572,2.2295309230685234;Meudon
21954;Val-Fleury;OUI;23;5;18;9;9;OUI;OUI;2022-07-05T15:13:02+02:00;48.807671407991,2.2407217696309;Meudon
22013;Mairie de Neuilly sur Seine;OUI;31;0;31;31;0;OUI;OUI;2022-07-05T15:12:49+02:00;48.88494728765838,2.2677031159400944;Neuilly-sur-Seine
22014;Victor Hugo - Bineau;OUI;25;20;5;1;4;OUI;OUI;2022-07-05T15:15:20+02:00;48.88758225888669,2.2783890366554265;Neuilly-sur-Seine
22015;Île de la Jatte;OUI;23;0;23;2;21;OUI;OUI;2022-07-05T15:15:26+02:00;48.894036161302104,2.2666339203715324;Neuilly-sur-Seine
22016;Charles de Gaulle - Sablonville;OUI;26;3;23;14;9;OUI;OUI;2022-07-05T15:06:52+02:00;48.87991924860035,2.2763770446181297;Neuilly-sur-Seine
22101;Gare Routière de Saint Cloud;OUI;31;0;31;14;17;OUI;OUI;2022-07-05T15:13:54+02:00;48.84288183896324,2.222245037555695;Saint-Cloud
22102;Mont Valérien - Michel Salles;OUI;24;3;21;14;7;OUI;OUI;2022-07-05T15:12:34+02:00;48.8561915,2.2152966;Saint-Cloud
22103;Senard - Charles Blum;OUI;24;5;19;9;10;OUI;OUI;2022-07-05T15:12:47+02:00;48.857315824799,2.221091687679291;Saint-Cloud
22201;Henri Ravera - Gabriel Péri;OUI;30;8;22;10;12;OUI;OUI;2022-07-05T15:13:55+02:00;48.79722273833844,2.302115857601166;Bagneux
22203;Tertres - Fontaine;OUI;28;3;25;12;13;OUI;OUI;2022-07-05T15:12:45+02:00;48.787553654715644,2.306235730648041;Bagneux
22206;Louis Pasteur - Albert Petit;OUI;31;3;28;24;4;OUI;OUI;2022-07-05T15:14:17+02:00;48.796261,2.317289;Bagneux
22207;Rond-point du Dr Albert Schweitzer;OUI;22;4;18;12;6;OUI;OUI;2022-07-05T15:15:41+02:00;48.78980918988166,2.3143940046429634;Bagneux
22301;Chausson - Gabriel Péri;OUI;22;3;19;18;1;OUI;OUI;2022-07-05T15:14:27+02:00;48.921891003481115,2.2952306270599365;Gennevilliers
22302;Gare RER - Général de Gaulle;OUI;41;4;37;27;10;OUI;OUI;2022-07-05T15:13:11+02:00;48.933548439566,2.3064726536317;Gennevilliers
22303;Lucien Lanternier - Le Luth;OUI;27;3;24;22;2;OUI;OUI;2022-07-05T15:09:19+02:00;48.93159430558871,2.2889783978462224;Gennevilliers
22305;Jean Jaurès - Place du Dr Roux;OUI;35;3;32;26;6;OUI;OUI;2022-07-05T15:14:52+02:00;48.92756703279621,2.2947337017374063;Gennevilliers
22401;Charles de Gaulle - Plateau de Vanves;OUI;33;4;29;11;18;OUI;OUI;2022-07-05T15:10:25+02:00;48.82233088973263,2.298571803412886;Malakoff
22402;Jean Jaurès - Salvador Allende;OUI;43;0;43;43;0;OUI;OUI;2022-07-05T15:11:22+02:00;48.821475594736775,2.3026576638221745;Malakoff
22403;Pierre Brossolette - Adolphe Pinard;OUI;24;5;19;15;4;OUI;OUI;2022-07-05T15:12:14+02:00;48.82177227954821,2.313155829906464;Malakoff
22404;Pierre Brossolette - 12 Février 1934;OUI;25;2;23;20;3;OUI;OUI;2022-07-05T15:11:56+02:00;48.8176962416867,2.3076123744249344;Malakoff
22504;Château - République;OUI;20;0;20;19;1;OUI;OUI;2022-07-05T15:12:43+02:00;48.905928,2.253629;La Garenne-Colombes
22505;Mairie de La Garenne Colombes;OUI;22;0;22;22;0;OUI;OUI;2022-07-05T15:12:14+02:00;48.90663823468682,2.24679596722126;La Garenne-Colombes
22506;Gare des Vallées;OUI;20;0;20;20;0;OUI;OUI;2022-07-05T15:11:02+02:00;48.913179,2.257726;La Garenne-Colombes
22507;Châteaudun - Place de la Liberté;OUI;26;0;26;14;12;OUI;OUI;2022-07-05T15:13:41+02:00;48.90970830301211,2.2454486480600626;La Garenne-Colombes
22601;Marx Dormoy - Château Sainte-Barbe;OUI;22;8;14;10;4;OUI;OUI;2022-07-05T15:11:37+02:00;48.791782341055324,2.297856844961643;Fontenay-aux-Roses
22602;Place Henri Dunant - Gare RER;OUI;31;4;27;23;4;OUI;OUI;2022-07-05T15:15:31+02:00;48.787543,2.2907628;Fontenay-aux-Roses
22603;Place de la Division Leclerc;OUI;35;12;23;15;8;OUI;OUI;2022-07-05T15:11:09+02:00;48.793824988636516,2.2731140430551027;Fontenay-aux-Roses
22604;Hôtel de Ville de Fontenay-aux-Roses;OUI;34;3;31;29;2;OUI;OUI;2022-07-05T15:08:54+02:00;48.790844603480856,2.2871455930319455;Fontenay-aux-Roses
23008;Hôtel de Ville de Levallois Perret;OUI;26;2;24;24;0;OUI;OUI;2022-07-05T15:12:53+02:00;48.89314451997415,2.2888818383216862;Levallois-Perret
23009;Anatole France - Louise Michel;OUI;50;1;49;28;21;OUI;OUI;2022-07-05T15:14:35+02:00;48.88873214926474,2.2881576418876652;Levallois-Perret
23010;Voltaire - Anatole France;OUI;27;5;22;16;6;OUI;OUI;2022-07-05T15:13:18+02:00;48.891999360256904,2.284262739121914;Levallois-Perret
23011;Bineau - Louise Michel;OUI;25;2;23;23;0;OUI;OUI;2022-07-05T15:14:59+02:00;48.88666162206972,2.2843274474143986;Levallois-Perret
23041;Général Leclerc - Bièvre;OUI;25;6;19;9;10;OUI;OUI;2022-07-05T15:13:48+02:00;48.782414428747316,2.3166695237159733;Bourg-la-Reine
23042;André Theuriet - Blagis;OUI;30;18;12;9;3;OUI;OUI;2022-07-05T15:15:16+02:00;48.77977325745441,2.3130525648593903;Bourg-la-Reine
23301;Les Blagis;OUI;27;3;24;3;21;OUI;OUI;2022-07-05T15:09:56+02:00;48.785205,2.302526;Sceaux
23302;Parc de Sceaux - Centre-Ville;OUI;33;13;20;4;16;OUI;OUI;2022-07-05T15:15:42+02:00;48.7769529826096,2.2957214713096623;Sceaux
23303;Gare de Robinson;OUI;30;1;29;27;2;OUI;OUI;2022-07-05T15:08:52+02:00;48.7799259211605,2.281828634440899;Sceaux
23701;Parvis Robert Schuman - Roger Salengro;OUI;24;12;12;4;8;OUI;OUI;2022-07-05T15:10:32+02:00;48.812657470558754,2.1921751275658607;Chaville
23702;Hôtel de Ville de Chaville;OUI;20;11;9;1;8;OUI;OUI;2022-07-05T15:15:02+02:00;48.80887149094033,2.188134044408798;Chaville
23703;Gare de Chaville Rive Gauche;OUI;18;1;17;11;6;OUI;OUI;2022-07-05T15:12:06+02:00;48.80516030434533,2.188277207314968;Chaville
24001;Arche - Léonard de Vinci;OUI;28;0;28;27;1;OUI;OUI;2022-07-05T15:11:10+02:00;48.89790972494496,2.2383723043644914;Courbevoie
24006;Adolphe Lalyre - Armand Silvestre;OUI;40;30;10;0;10;OUI;OUI;2022-07-05T15:10:21+02:00;48.90406266961591,2.273416221141815;Courbevoie
24007;Jean-Baptiste Charcot - Sainte-Geneviève;OUI;21;6;15;15;0;OUI;OUI;2022-07-05T15:15:43+02:00;48.90310883721567,2.278892956674099;Courbevoie
24010;Charles de Gaulle - Rue de l'Alma;OUI;28;0;28;17;11;OUI;OUI;2022-07-05T15:15:39+02:00;48.896620592993,2.252313240191;Courbevoie
25004;Marcel Pourtout - Édouard Manet;OUI;24;10;14;9;5;OUI;OUI;2022-07-05T15:15:37+02:00;48.87555620763429,2.1655967831611638;Rueil-Malmaison
25005;18 juin 1940 - Buzenval;OUI;25;16;9;9;0;OUI;OUI;2022-07-05T15:15:29+02:00;48.868807,2.185428;Rueil-Malmaison
25006;Place Nelson Mandela;OUI;22;5;17;17;0;OUI;OUI;2022-07-05T15:15:02+02:00;48.862090937689715,2.196576297283173;Rueil-Malmaison
25007;Bons Raisins - Voltaire;OUI;24;1;23;4;19;OUI;OUI;2022-07-05T15:10:15+02:00;48.87282451461399,2.1947155570850896;Rueil-Malmaison
26006;Bas - Gabriel Péri;OUI;30;13;17;7;10;OUI;OUI;2022-07-05T15:11:57+02:00;48.91585580539625,2.2948095202445984;Asnières-sur-Seine
26007;Square Gilbert Thomain;OUI;20;13;7;6;1;OUI;OUI;2022-07-05T15:14:41+02:00;48.90717373809284,2.2695400938391685;Asnières-sur-Seine
26008;Henri Barbusse - Bourguignons;OUI;34;5;29;9;20;OUI;OUI;2022-07-05T15:14:26+02:00;48.91301722799713,2.2734212270774417;Asnières-sur-Seine
26009;Marceau Delorme - Pierre Brossolette;OUI;28;15;13;9;4;OUI;OUI;2022-07-05T15:14:50+02:00;48.91206062860357,2.295897423568745;Asnières-sur-Seine
27002;Parc Pierre Lagravère;OUI;30;12;18;14;4;OUI;OUI;2022-07-05T15:14:33+02:00;48.92650488131725,2.239069678491417;Colombes
27004;Gare de la Garenne-Colombes;OUI;28;1;27;27;0;OUI;OUI;2022-07-05T15:13:01+02:00;48.909752,2.239145;Colombes
27005;Gare du Stade;OUI;20;2;18;15;3;OUI;OUI;2022-07-05T15:15:38+02:00;48.9312676,2.2603778;Colombes
27006;Victor Hugo - Gare;OUI;22;5;17;11;6;OUI;OUI;2022-07-05T15:12:36+02:00;48.92313395265796,2.2600970417261124;Colombes
28001;Richard Wallace - Place du 8 Mai 1945;OUI;30;21;9;6;3;OUI;OUI;2022-07-05T15:13:46+02:00;48.87866794788021,2.2420343756675725;Puteaux
28005;Jean Jaurès - Paul Lafargue;OUI;28;8;20;10;10;OUI;OUI;2022-07-05T15:11:55+02:00;48.88493317766629,2.248448878526687;Puteaux
30005;Convention - Campus de Bobigny;NON;0;0;0;0;0;NON;NON;2022-07-05T15:13:50+02:00;48.914920058264,2.4172238067445;Bobigny
30007;Pablo Picasso - Maurice Thorez;NON;0;0;0;0;0;NON;NON;2022-07-05T15:50:43+02:00;48.906887812943,2.4489325365198;Bobigny
31024;Romainville - Vaillant-Couturier;OUI;38;7;31;29;2;OUI;OUI;2022-07-05T15:08:07+02:00;48.86785,2.446748;Montreuil
31025;Paul Signac - Aristide Briand;OUI;35;0;35;35;0;OUI;OUI;2022-07-05T15:15:42+02:00;48.86950262156371,2.4502260982990265;Montreuil
31026;Demi-Lune - Aristide Briand;OUI;20;5;15;12;3;OUI;OUI;2022-07-05T15:08:58+02:00;48.87626381919953,2.4562818557024;Montreuil
31028;Raspail Barbès;OUI;28;7;21;4;17;OUI;OUI;2022-07-05T15:14:11+02:00;48.8529945,2.4247387;Montreuil
31101;Jules Guesde - Laennec;OUI;19;3;16;9;7;OUI;OUI;2022-07-05T15:14:32+02:00;48.87628983900398,2.5006942078471184;Rosny-sous-Bois
31103;Gare Rosny-Bois-Perrier;OUI;36;12;24;16;8;OUI;OUI;2022-07-05T15:10:37+02:00;48.88115023337061,2.480436824262142;Rosny-sous-Bois
31104;Mairie de Rosny-sous-Bois;OUI;30;18;12;4;8;OUI;OUI;2022-07-05T15:13:40+02:00;48.871256519012,2.4865807592869;Rosny-sous-Bois
31105;Lavoisier - Missak Manouchian;OUI;18;0;18;16;2;OUI;OUI;2022-07-05T15:09:34+02:00;48.86286468896063,2.495676465332508;Rosny-sous-Bois
31704;Jeanne Hornet - Girardot;OUI;29;2;27;5;22;OUI;OUI;2022-07-05T15:15:32+02:00;48.873802681432146,2.427820265293122;Bagnolet
31705;Champeaux - Gallieni;OUI;50;6;44;39;5;OUI;OUI;2022-07-05T15:14:52+02:00;48.864459134684644,2.4161778017878532;Bagnolet
31706;Château - République;OUI;26;7;19;19;0;OUI;OUI;2022-07-05T15:14:58+02:00;48.8629238005955,2.415503561496735;Bagnolet
31708;Noisy le Sec - Jean-Baptiste Clément;OUI;22;4;18;9;9;OUI;OUI;2022-07-05T15:15:34+02:00;48.87451538963655,2.415283620357514;Bagnolet
32019;Place du 8 mai 1945;OUI;30;24;6;5;1;OUI;OUI;2022-07-05T15:14:39+02:00;48.938882272105374,2.3566243797540665;Saint-Denis
32020;Jules Guesdes - Carnot;OUI;16;2;14;14;0;OUI;OUI;2022-07-05T15:10:43+02:00;48.93828169931872,2.3508992046117783;Saint-Denis
32021;Place du Front Populaire - George Sand;OUI;35;31;4;2;2;OUI;OUI;2022-07-05T15:14:55+02:00;48.90680713698062,2.364541214992642;Saint-Denis
32023;Guy Môquet - Jean Moulin;OUI;30;5;25;3;22;OUI;OUI;2022-07-05T15:13:11+02:00;48.940931521020836,2.363948999931771;Saint-Denis
32301;Mairie de Romainville;OUI;17;4;13;12;1;OUI;OUI;2022-07-05T15:12:56+02:00;48.885109,2.435679;Romainville
32302;Chemin Vert - Fraternité;OUI;20;11;9;3;6;OUI;OUI;2022-07-05T15:13:53+02:00;48.877141208359035,2.4461565166711807;Romainville
32303;Gaston Roussel - Commune de Paris;OUI;30;19;11;10;1;OUI;OUI;2022-07-05T15:14:24+02:00;48.89432034553156,2.432552274419542;Romainville
32601;Porte des Lilas - Faidherbe;OUI;39;0;39;26;13;OUI;OUI;2022-07-05T15:11:24+02:00;48.87861855668978,2.4120327830314636;Les Lilas
32602;Mairie des Lilas;OUI;47;8;39;2;37;OUI;OUI;2022-07-05T15:15:36+02:00;48.8792834,2.4160182;Les Lilas
32603;Calmette;OUI;32;14;18;2;16;OUI;OUI;2022-07-05T15:09:42+02:00;48.88104925098552,2.424993216991425;Les Lilas
32604;Square du Théâtre du Garde-Chasse;OUI;50;1;49;40;9;OUI;OUI;2022-07-05T15:12:39+02:00;48.881287375060616,2.420119643211365;Les Lilas
33016;Fort d'Aubervilliers;OUI;22;1;21;20;1;OUI;OUI;2022-07-05T15:13:04+02:00;48.91502382370325,2.4035281687974925;Aubervilliers
33017;Anatole France - President Roosevelt;OUI;29;0;29;27;2;OUI;OUI;2022-07-05T15:14:32+02:00;48.9155156,2.3814103;Aubervilliers
33018;Edouard Poisson - Victor Hugo;OUI;30;10;20;16;4;OUI;OUI;2022-07-05T15:10:29+02:00;48.91118557052621,2.379864752692811;Aubervilliers
33019;Madeleine Vionnet;OUI;34;13;21;14;7;OUI;OUI;2022-07-05T15:13:53+02:00;48.90251907406377,2.37408958375454;Aubervilliers
33020;Waldeck Rochet - Germaine Tillon;OUI;31;5;26;14;12;OUI;OUI;2022-07-05T15:15:01+02:00;48.91105960199651,2.3676301538944244;Aubervilliers
34009;Dora Maar - Nadia Guendouz;OUI;30;3;27;6;21;OUI;OUI;2022-07-05T15:13:29+02:00;48.90545242130479,2.3220406472682957;Saint-Ouen-sur-Seine
34010;Hôtel de Ville de Saint-Ouen;OUI;48;19;29;28;1;OUI;OUI;2022-07-05T15:15:45+02:00;48.91138018578648,2.334007680760051;Saint-Ouen-sur-Seine
34011;Clef des Champs - Albert Dhalenne;OUI;28;2;26;9;17;OUI;OUI;2022-07-05T15:10:24+02:00;48.914938,2.330665;Saint-Ouen-sur-Seine
34013;Blanqui - Docteur Bauer;OUI;28;7;21;21;0;OUI;OUI;2022-07-05T15:13:21+02:00;48.90773548908503,2.3407192814591364;Saint-Ouen-sur-Seine
35018;Ancien Canal - Hélène Brion;OUI;23;22;1;1;0;OUI;OUI;2022-07-05T15:15:41+02:00;48.89484799296163,2.4188338592648506;Pantin
35019;Anatole France - Jean Lolive;OUI;28;0;28;25;3;OUI;OUI;2022-07-05T15:14:48+02:00;48.8949922,2.4253764;Pantin
35020;Marcelle - Thalie;OUI;20;5;15;8;7;OUI;OUI;2022-07-05T15:13:36+02:00;48.8835462,2.4137883;Pantin
35021;Cartier Bresson - Denis Papin;OUI;32;14;18;13;5;OUI;OUI;2022-07-05T15:15:37+02:00;48.902616,2.397814;Pantin
41101;Paul Doumer - Stalingrad;OUI;24;11;13;2;11;OUI;OUI;2022-07-05T15:13:08+02:00;48.806518992199,2.3368880152702;Arcueil
41102;Gare de Laplace;OUI;43;5;38;17;21;OUI;OUI;2022-07-05T15:15:40+02:00;48.80893199114179,2.3349460959434514;Arcueil
41103;Place de la vache noire;OUI;25;1;24;18;6;OUI;OUI;2022-07-05T15:15:28+02:00;48.81040517059777,2.327060401439667;Arcueil
41209;Cimetière de Fontenay-sous-Bois;OUI;15;6;9;7;2;OUI;OUI;2022-07-05T15:12:27+02:00;48.84706173362218,2.4787822365760808;Fontenay-sous-Bois
41210;Hôtel de ville de Fontenay-sous-Bois;OUI;20;5;15;14;1;OUI;OUI;2022-07-05T15:15:40+02:00;48.84949749106274,2.4750164151191716;Fontenay-sous-Bois
41211;Louis Xavier de Ricard - Ancienne Mairie;OUI;34;2;32;23;9;OUI;OUI;2022-07-05T15:15:44+02:00;48.84629899065091,2.472420372068882;Fontenay-sous-Bois
41212;Nungesser - Santé;OUI;22;19;3;3;0;OUI;OUI;2022-07-05T15:13:55+02:00;48.852335,2.448967;Fontenay-sous-Bois
41301;Bois de Vincennes - Gare;OUI;50;26;24;20;4;OUI;OUI;2022-07-05T15:09:13+02:00;48.836022242886884,2.4708339950830287;Nogent-sur-Marne
41302;Charles de Gaulle - Beauté;OUI;49;11;38;31;7;OUI;OUI;2022-07-05T15:14:23+02:00;48.83649602312711,2.479562651149885;Nogent-sur-Marne
41303;Gare de Nogent-le-Perreux;OUI;32;0;32;26;6;OUI;OUI;2022-07-05T15:15:05+02:00;48.83842553348809,2.493693307042122;Nogent-sur-Marne
41401;Marne - Charles de Gaulle;OUI;27;1;26;26;0;OUI;OUI;2022-07-05T15:14:47+02:00;48.815071719544434,2.4121668934822087;Alfortville
41403;Gare RER - Malleret-Joinville;OUI;20;1;19;14;5;OUI;OUI;2022-07-05T15:15:36+02:00;48.802936,2.42531;Alfortville
41404;Carnot - Pâquerettes;OUI;26;9;17;8;9;OUI;OUI;2022-07-05T15:13:42+02:00;48.79592939432515,2.4261841177940373;Alfortville
41405;Place de l'Europe - Alfortville;OUI;24;14;10;1;9;OUI;OUI;2022-07-05T15:12:41+02:00;48.78913702405837,2.4284800887107854;Alfortville
42026;Barbès - Monique Maunoury;OUI;40;0;40;26;14;OUI;OUI;2022-07-05T15:13:28+02:00;48.81552718820216,2.3687169334905405;Ivry-sur-Seine
42027;Verdun - Pierre et Marie Curie;OUI;26;0;26;26;0;OUI;OUI;2022-07-05T15:13:06+02:00;48.812822398263286,2.3707106709480286;Ivry-sur-Seine
42028;Verdun - Carnot;OUI;28;6;22;11;11;OUI;OUI;2022-07-05T15:10:05+02:00;48.808439376064946,2.373795211315155;Ivry-sur-Seine
42029;Stalingrad - Germaine Tailleferre;OUI;28;4;24;6;18;OUI;OUI;2022-07-05T15:15:24+02:00;48.80257200481316,2.3786691203713417;Ivry-sur-Seine
42205;Place Aristide Briand;OUI;35;7;28;0;28;OUI;OUI;2022-07-05T15:14:35+02:00;48.82189236575831,2.413003742694855;Charenton-le-Pont
42209;Place de l'Europe - Quai de Bercy;OUI;17;0;17;0;17;OUI;OUI;2022-07-05T15:14:06+02:00;48.82529858840266,2.3945679143071175;Charenton-le-Pont
42210;Victor Hugo - Paul Eluard;OUI;32;6;26;7;19;OUI;OUI;2022-07-05T15:14:45+02:00;48.819602554906844,2.4114319673050937;Charenton-le-Pont
42211;Séminaire de Conflans - Liberté;OUI;26;3;23;5;18;OUI;OUI;2022-07-05T15:14:20+02:00;48.823194,2.404179;Charenton-le-Pont
42302;Aristide Briand - Gare de Bagneux;OUI;22;3;19;19;0;OUI;OUI;2022-07-05T15:15:39+02:00;48.79387269664978,2.321148812770844;Cachan
42303;Place Eustache Deschamps;OUI;20;2;18;16;2;OUI;OUI;2022-07-05T15:11:06+02:00;48.793855,2.336637;Cachan
42304;Marc Sangnier - Division Leclerc;OUI;24;5;19;7;12;OUI;OUI;2022-07-05T15:13:12+02:00;48.78599652305309,2.329955510795116;Cachan
42305;Vanne - Saussaies;OUI;20;15;5;5;0;OUI;OUI;2022-07-05T15:15:40+02:00;48.786404,2.338848;Cachan
42501;Raspail - Albert Schweitzer;OUI;28;0;28;28;0;OUI;OUI;2022-07-05T15:13:18+02:00;48.81031545,2.34395871;Gentilly
42503;Vladimir Ilitch Lénine - Andrée Chedid;OUI;31;9;22;14;8;OUI;OUI;2022-07-05T15:15:05+02:00;48.813240124373,2.3319716067039;Gentilly
42504;Gare RER de Gentilly;OUI;30;0;30;21;9;OUI;OUI;2022-07-05T15:15:23+02:00;48.814280450380224,2.3410347104072575;Gentilly
42505;Charles Frérot - Albert Guilpin;OUI;30;3;27;17;10;OUI;OUI;2022-07-05T15:11:17+02:00;48.8155839183714,2.3505029082298283;Gentilly
43007;Hôtel de Ville de Vincennes;OUI;27;16;11;11;0;OUI;OUI;2022-07-05T15:15:33+02:00;48.84827609706963,2.4398955702781677;Vincennes
43008;Fontenay - Libération;OUI;25;2;23;12;11;OUI;OUI;2022-07-05T15:14:25+02:00;48.84780306364685,2.445141971111298;Vincennes
43009;Place Jean-Spire-Lemaître;OUI;50;12;38;30;8;OUI;OUI;2022-07-05T15:15:31+02:00;48.8468428626593,2.452062070369721;Vincennes
43010;La Jarry - Place Diderot;OUI;25;7;18;16;2;OUI;OUI;2022-07-05T15:12:48+02:00;48.849726940367326,2.452013790607453;Vincennes
